CustomerID,total_compras
14646,280206.02
18102,259657.3
17450,194550.79
16446,168472.5
14911,143825.06
12415,124914.53
14156,117379.63
17511,91062.38
16029,81024.84
12346,77183.6
16684,66653.56
14096,65164.79
13694,65039.62
15311,60767.9
13089,58825.83
17949,58510.48
15769,56252.72
15061,54534.14
14298,51527.3
14088,50491.81
15749,44534.3
12931,42055.96
17841,40991.57
15098,39916.5
13798,37153.85
16013,37130.6
16422,34684.4
12748,33719.73
15838,33643.08
17404,31906.82
17389,31833.68
13098,28882.44
14680,28754.11
13081,28337.38
13408,28117.04
17857,26879.04
16333,26626.8
13777,25977.16
12753,21429.39
12744,21279.29
16210,21086.3
17675,20374.28
17381,20275.61
15039,19914.44
12471,19824.05
12731,18895.91
15159,18641.01
12901,17654.54
12678,17628.46
14031,17286.86
17428,17256.85
13767,17220.36
13881,17159.52
16839,16594.35
12921,16587.09
14607,16569.5
15856,16387.57
17677,16363.23
15189,16225.39
14051,15610.39
15513,14758.22
16133,14589.04
14866,14389.9
16705,14034.99
12681,13787.54
12621,13689.67
12540,13400.24
12433,13375.87
15498,13316.4
12477,13219.74
17735,13110.02
16525,13027.45
14258,12669.98
13078,12627.94
12536,12601.83
15640,12515.66
16000,12393.7
17340,12353.29
12682,12288.22
13113,12245.96
14606,12156.65
12557,11990.96
12939,11581.8
15125,11528.48
14194,11349.52
12971,11189.91
14895,11138.71
12409,11072.67
15482,11054.96
17581,11045.04
13319,10845.55
17107,10815.43
13340,10736.48
14769,10674.75
17139,10668.47
16779,10629.72
17865,10526.32
17706,10504.49
15251,10484.99
14062,10464.85
15615,10399.74
15502,10384.93
16180,10254.18
16843,10196.57
12590,9864.26
13001,9818.82
13199,9817.12
15078,9743.11
12709,9736.52
13458,9646.57
14733,9585.91
16523,9418.47
12567,9401.28
14367,9261.52
14667,9241.2
18092,9068.26
13969,9053.94
12451,9035.52
13488,8968.31
13090,8910.82
16033,8816.4
17017,8694.26
17243,8676.85
17306,8631.31
16656,8625.8
14527,8508.82
12683,8476.57
18139,8438.34
15358,8347.2
16558,8338.49
14056,8214.65
14936,8137.02
16672,8134.94
13854,8109.52
14952,8099.49
18109,8052.97
14796,8022.49
12428,7956.46
15290,7943.22
14849,7930.54
12757,7857.1
17811,7837.73
13093,7832.47
12435,7829.89
13629,7792.36
15044,7700.23
15194,7616.53
18172,7561.68
13263,7454.07
12474,7375.79
12980,7374.9
15465,7354.62
17396,7330.8
12583,7281.38
13018,7277.7
18229,7276.9
16923,7247.61
16729,7239.92
16745,7194.3
16873,7123.62
13324,7121.95
13985,7060.13
14961,7044.68
12766,6989.63
12798,6977.04
12989,6924.11
16713,6923.13
13027,6912.0
16187,6911.44
17416,6893.42
12705,6868.29
12476,6816.42
12830,6814.64
15023,6802.76
18055,6784.19
15601,6776.56
16652,6773.97
16532,6748.8
13576,6717.34
16746,6697.66
15249,6688.46
16353,6675.71
17338,6643.93
12626,6620.48
16182,6617.65
15144,6580.44
12472,6572.11
16814,6509.1
12431,6487.45
18223,6484.54
15694,6479.4
13225,6463.84
13102,6424.09
13871,6403.25
12359,6372.58
13668,6363.59
13709,6328.05
15005,6316.57
17315,6292.26
16126,6287.77
14057,6217.96
12357,6207.67
14060,6140.42
13418,6127.43
17509,6115.14
15939,6115.01
14735,6065.69
12637,6021.9
13097,6010.42
13316,5977.73
14101,5976.79
15382,5955.71
14505,5905.64
14415,5900.28
14944,5900.25
13209,5891.61
13534,5870.08
13050,5836.86
12720,5781.73
15218,5756.89
17686,5739.46
13178,5725.47
16553,5719.82
13468,5704.97
14110,5683.15
14049,5681.72
17049,5659.98
17716,5655.99
13004,5655.91
18118,5653.82
14688,5630.87
17757,5605.29
12481,5596.32
12839,5591.42
16767,5580.6
16161,5575.56
12539,5568.35
15805,5528.48
18225,5509.12
16609,5493.46
16985,5464.12
16265,5447.0
18198,5425.56
12490,5417.93
17809,5411.91
16701,5398.3
17719,5396.04
17850,5391.21
16303,5360.63
13269,5346.23
15150,5314.47
17730,5298.48
17061,5232.23
18226,5228.05
12362,5226.23
15046,5213.77
16258,5203.51
13756,5189.52
16191,5180.52
15727,5178.96
17858,5155.66
13599,5153.67
15903,5126.76
13941,5112.96
17602,5102.97
16700,5076.55
14562,5074.77
15301,5070.35
13139,5064.94
12432,5059.32
15719,5045.61
17426,5037.26
14329,5014.84
14755,5010.28
12444,5005.46
15032,4959.1
15547,4954.84
12437,4951.41
12700,4939.99
15786,4932.2
14709,4921.04
17133,4892.24
12664,4881.88
12688,4873.81
14292,4871.93
17652,4867.72
15738,4812.42
13013,4810.94
15555,4805.17
17365,4801.56
15298,4799.9
15187,4777.18
17690,4757.95
12955,4757.16
14180,4748.52
15152,4745.69
16722,4730.81
12714,4708.86
14159,4693.01
14135,4690.31
14191,4684.76
15291,4668.3
14189,4654.08
14390,4652.82
14286,4628.75
16931,4604.22
13802,4599.42
15093,4597.02
14004,4582.64
17613,4559.15
17068,4552.14
12484,4541.72
13267,4521.49
15299,4507.01
17975,4488.81
12524,4485.72
14426,4481.67
16984,4481.35
17364,4481.18
12627,4478.53
14085,4448.54
14534,4447.05
13069,4436.12
15955,4416.26
16626,4413.1
15874,4405.88
12712,4396.13
13505,4393.63
12752,4366.78
16945,4345.5
14016,4341.21
14800,4339.74
14525,4332.2
17567,4331.48
18251,4314.72
12347,4310.0
15034,4308.61
17937,4301.22
14422,4263.64
12500,4257.82
17419,4226.57
14277,4216.2
15804,4206.39
17920,4204.1
15971,4199.85
12747,4196.01
14146,4191.0
18041,4183.39
12949,4167.22
15570,4165.52
16549,4154.64
13384,4151.93
13555,4149.28
13988,4147.96
15514,4139.46
12569,4124.69
16592,4113.68
17940,4106.44
17377,4100.92
16401,4098.32
16670,4095.9
12749,4090.88
14092,4076.91
12449,4067.29
18087,4055.72
14401,4051.48
12656,4051.17
12867,4036.82
13815,4027.36
12841,4022.35
12957,4017.54
12378,4008.62
14547,4007.54
16186,4006.94
17769,3997.98
15529,3995.23
17001,3989.57
15416,3984.32
17611,3984.22
12779,3981.36
12727,3980.7
14299,3965.62
13523,3964.88
13183,3957.78
17651,3945.0
12473,3938.55
17593,3927.34
14739,3902.28
13999,3901.81
14291,3883.25
18073,3877.52
13124,3866.33
15195,3861.0
16717,3858.38
12662,3849.78
16327,3844.22
13266,3834.26
17091,3827.76
15867,3812.64
12755,3811.95
12597,3811.22
13435,3809.89
12668,3807.15
16145,3799.49
16655,3794.52
16168,3787.6
16019,3786.24
12562,3781.74
17173,3766.6
16904,3754.27
12429,3750.4
17238,3744.65
14145,3742.2
13552,3740.07
16570,3738.4
15808,3734.97
14282,3729.34
12502,3723.87
12647,3722.82
13680,3722.42
16240,3718.8
14364,3717.35
15845,3711.77
15622,3709.56
13148,3707.12
17819,3704.87
15379,3703.29
12553,3692.28
16253,3683.86
15581,3679.97
15296,3672.86
18079,3651.97
13137,3650.41
12417,3649.1
16712,3645.43
13426,3641.32
12619,3641.24
16440,3640.67
13381,3639.31
17230,3638.41
14543,3630.33
17528,3628.5
13327,3627.77
13520,3624.35
17576,3622.68
14040,3614.92
13082,3613.63
15505,3610.96
15113,3609.33
16242,3603.21
15484,3594.31
14132,3586.03
17203,3563.85
17491,3558.87
15544,3546.71
12370,3545.69
14503,3543.26
13448,3539.37
13334,3536.82
12454,3528.34
17160,3518.03
13953,3515.68
16360,3512.53
14395,3507.71
16131,3506.54
14907,3501.1
16458,3482.74
13993,3466.36
13014,3466.28
17758,3456.7
15410,3450.84
13536,3448.29
15129,3447.4
15974,3442.15
17725,3439.08
15676,3435.76
14221,3432.8
12406,3415.3
15981,3408.48
13437,3408.06
17669,3406.72
13198,3401.24
15228,3386.71
13842,3385.62
15708,3364.24
16011,3362.71
14227,3350.96
16818,3349.57
16607,3347.71
17183,3347.31
13015,3346.28
12643,3344.64
12613,3344.38
12594,3338.22
16556,3313.79
13373,3312.25
14841,3295.76
14702,3292.14
15632,3285.31
12480,3281.63
15764,3279.97
17723,3276.4
13952,3251.07
13047,3237.54
15443,3236.91
17050,3228.84
14175,3222.3
13880,3219.77
13268,3214.69
14388,3212.84
16107,3204.16
17220,3198.25
13868,3192.54
17685,3191.53
13758,3190.55
14844,3189.81
12456,3181.04
17672,3178.17
17231,3174.32
16837,3170.98
16041,3166.4
15861,3165.36
17863,3160.0
15065,3158.13
14235,3144.86
13742,3131.02
16156,3122.04
13685,3119.44
16326,3110.96
16678,3109.99
13869,3104.95
14099,3104.17
16905,3102.43
15491,3100.09
14257,3099.72
14565,3099.12
13135,3096.0
17059,3095.04
13362,3090.74
15998,3089.97
16218,3084.68
18272,3078.58
12910,3075.04
13631,3070.42
16686,3062.83
14456,3062.4
17799,3055.93
16940,3049.88
16393,3046.21
16709,3029.87
12598,3023.08
12395,3018.63
18094,3017.3
12754,3010.74
12916,3006.15
15521,3000.2
17659,2999.46
17504,2997.03
12670,2996.05
14307,2995.72
15687,2993.1
14639,2984.49
13451,2976.15
14032,2975.59
15854,2974.65
16497,2965.69
17924,2962.5
14868,2953.59
17084,2949.75
17444,2940.04
16316,2938.91
14530,2925.91
17512,2924.99
15606,2920.16
12906,2919.81
14112,2915.15
12438,2906.85
17644,2895.64
18144,2888.75
12408,2888.55
13735,2885.24
16633,2883.1
15673,2881.02
14251,2879.7
17728,2876.01
14005,2874.72
15628,2870.24
14711,2868.8
13901,2867.2
14535,2864.19
12685,2863.08
18145,2861.55
16928,2847.6
15984,2837.67
14852,2836.69
14572,2832.84
17596,2827.93
14842,2824.69
13174,2817.03
16871,2812.34
12356,2811.43
14903,2810.63
18230,2810.2
13230,2806.97
16081,2806.9
16764,2799.25
15993,2797.57
13769,2796.51
12578,2794.51
12758,2791.59
17739,2791.35
14626,2791.27
17213,2781.23
12388,2780.66
14121,2780.15
17838,2779.3
13870,2770.94
15356,2766.5
15114,2760.56
14854,2759.83
13971,2758.26
15321,2748.31
12669,2744.03
14808,2741.17
14125,2740.43
15696,2736.46
16938,2736.38
16003,2735.37
12840,2726.77
12380,2724.81
12708,2712.91
15796,2711.56
17069,2709.7
13285,2709.12
13654,2707.33
14107,2703.23
14732,2702.49
18097,2697.8
17386,2686.42
12625,2683.82
17346,2676.56
13883,2674.48
14713,2666.36
12360,2662.06
14439,2661.24
15671,2657.13
12721,2656.13
13851,2651.46
16618,2647.59
18260,2643.2
13658,2639.17
17655,2638.94
15752,2637.38
13804,2635.79
13771,2634.45
12520,2634.26
17402,2633.85
18077,2633.01
13422,2626.3
13644,2624.26
17965,2622.57
18210,2621.38
16255,2619.91
14262,2618.23
13021,2616.38
15782,2614.74
14397,2612.96
12836,2612.86
18075,2611.75
12726,2609.1
16241,2607.87
13136,2607.61
14408,2606.53
13983,2603.43
17317,2600.34
12600,2599.04
16919,2596.45
13895,2593.07
14243,2588.77
15033,2586.67
13911,2580.91
14546,2578.09
16912,2575.38
15485,2575.0
18245,2567.06
16308,2560.0
15572,2552.86
14334,2552.21
14701,2549.37
14676,2548.24
13344,2543.72
14776,2538.3
17700,2534.64
13471,2531.58
14659,2529.93
17314,2527.92
13975,2526.28
17449,2520.86
13394,2520.02
15245,2515.84
15271,2507.07
12352,2506.04
13695,2504.13
12517,2502.84
15932,2495.87
16477,2494.46
12483,2484.98
12913,2483.63
16710,2483.04
14315,2481.13
13507,2479.16
13588,2478.95
17682,2474.33
17188,2474.23
14766,2473.37
14502,2470.67
17164,2467.35
12455,2466.86
15750,2465.48
17131,2463.17
13784,2462.79
15674,2446.6
14163,2445.91
15527,2429.78
17071,2429.03
13949,2427.32
16143,2424.94
17722,2424.04
15089,2420.84
15373,2415.91
12397,2409.9
17589,2404.17
15980,2398.86
18065,2392.83
13141,2388.75
15370,2386.05
17530,2385.0
14493,2383.24
14554,2381.04
14239,2380.85
15270,2379.49
13722,2375.41
17434,2373.82
14930,2372.86
13908,2369.55
15755,2364.25
12457,2363.23
17634,2361.97
14030,2360.09
14440,2357.68
15140,2354.25
14309,2352.53
12704,2340.84
18259,2338.6
12584,2338.15
18257,2337.63
17954,2332.72
15281,2332.15
12782,2330.92
15785,2328.97
17313,2328.84
17744,2322.4
17211,2317.22
14290,2314.65
15365,2314.32
13994,2313.14
13704,2308.06
15288,2306.52
16735,2300.56
16550,2298.97
15105,2298.93
13115,2294.78
15704,2293.62
12615,2291.19
13527,2287.51
17696,2285.71
12684,2283.63
16782,2279.9
13317,2273.68
17768,2273.18
14466,2272.4
13700,2265.12
16057,2263.12
16209,2262.62
14432,2255.51
16293,2248.99
17442,2248.56
15235,2247.51
16771,2246.81
15665,2242.01
14211,2241.1
16743,2238.09
14560,2237.77
14700,2235.3
16076,2234.73
15834,2233.75
18242,2232.49
14226,2232.19
14825,2226.91
17591,2225.97
12783,2225.91
13365,2225.37
15722,2222.56
15811,2218.62
12876,2218.02
12653,2209.85
13862,2209.36
15797,2207.4
15179,2206.95
13831,2202.99
17406,2200.42
15123,2199.31
16628,2188.05
15394,2183.54
14341,2182.28
12856,2179.93
12909,2178.67
12501,2169.39
12633,2163.98
13755,2161.35
12935,2160.7
16456,2158.37
14407,2157.73
16379,2157.4
13224,2155.95
16966,2154.97
17272,2148.63
14828,2139.76
12560,2134.01
17400,2129.96
13517,2128.42
14360,2128.23
16407,2126.93
14640,2125.08
15058,2124.99
13632,2121.27
18061,2119.41
18008,2116.19
14691,2114.33
13265,2107.66
18173,2106.84
18093,2106.52
14461,2103.06
14515,2102.09
17861,2100.8
15815,2100.6
13126,2099.64
12610,2099.54
16875,2095.53
17191,2095.13
18283,2094.88
14306,2093.32
13571,2092.32
17490,2092.32
13297,2089.85
18044,2088.6
14810,2087.88
16954,2085.08
18231,2083.27
14696,2078.95
14209,2073.43
18241,2073.09
18219,2069.77
14482,2068.15
12948,2064.95
12928,2062.7
16281,2062.06
14409,2059.45
12518,2056.89
17667,2055.51
14188,2054.36
16150,2053.02
17086,2050.08
17612,2048.45
14232,2048.07
17625,2047.0
13495,2044.87
17597,2044.37
17090,2043.95
13450,2043.72
14001,2043.08
12585,2040.1
13593,2037.08
18069,2036.67
17846,2033.1
13630,2031.78
16409,2028.88
17337,2027.87
16358,2027.5
14544,2024.45
15341,2020.52
14506,2012.17
15531,2007.44
15372,2007.4
16098,2005.63
14730,2005.06
14217,2004.98
14462,2004.02
17082,2003.85
16754,2002.4
15493,2001.8
18188,2001.04
13305,2000.86
16698,1998.0
17827,1995.46
18204,1993.7
17679,1992.11
17088,1991.01
13246,1987.3
13590,1981.92
13725,1980.56
17422,1979.37
16341,1971.87
17997,1970.67
12674,1970.6
17790,1965.55
17218,1960.72
15351,1960.11
14498,1957.32
12853,1957.1
17554,1952.45
14533,1949.72
14653,1947.55
15814,1945.33
15518,1942.45
14418,1937.25
14472,1936.84
15864,1936.32
15157,1936.07
12528,1933.48
14655,1932.23
14978,1931.42
16983,1931.25
13094,1927.32
16942,1920.59
15021,1914.82
17368,1912.67
14285,1910.01
16426,1908.25
17228,1906.09
14210,1905.84
15819,1905.45
14250,1904.05
12762,1898.52
17463,1896.41
17870,1894.35
14934,1890.94
12371,1887.96
15641,1887.2
16170,1885.05
13890,1883.81
16128,1880.22
17738,1879.05
15367,1877.59
17293,1875.11
16986,1873.2
13982,1871.81
16474,1871.5
17469,1870.97
16841,1869.82
14524,1867.68
17787,1865.19
16201,1863.47
14887,1862.0
12423,1859.31
17873,1859.16
14305,1858.96
12963,1856.63
16979,1852.0
13421,1851.08
12383,1850.56
12381,1845.31
17519,1844.02
18180,1843.75
12950,1843.0
17015,1842.56
16102,1842.14
16455,1841.18
14113,1840.42
14216,1839.3
13924,1838.85
14459,1837.92
18287,1837.28
13650,1836.34
15827,1836.09
13048,1835.91
14665,1835.7
16152,1829.04
15203,1827.8
18122,1826.21
17702,1824.37
16153,1824.23
17705,1823.52
16169,1822.97
17828,1820.09
17629,1814.12
15260,1810.77
13481,1804.56
17663,1802.91
15812,1801.14
16249,1800.07
13562,1799.33
13196,1797.78
17750,1797.57
17648,1797.5
12348,1797.24
18235,1796.48
13134,1793.58
18179,1793.17
13510,1791.56
16719,1790.42
12523,1789.77
14215,1789.72
14621,1788.36
13875,1786.79
14608,1785.15
14935,1784.71
15050,1782.09
16380,1780.59
15220,1778.96
17092,1777.78
12645,1775.18
17754,1772.26
15594,1771.78
15473,1771.2
17813,1770.88
14387,1770.56
16681,1770.34
13456,1766.72
15950,1765.51
16751,1764.72
12424,1760.96
12823,1759.5
12349,1757.55
15241,1756.44
16359,1750.92
13564,1749.02
13808,1747.66
15067,1744.76
13157,1741.22
14595,1740.6
17930,1740.48
17353,1740.0
17457,1737.7
14673,1736.4
17043,1735.18
16791,1721.78
17451,1721.4
14834,1720.3
15267,1717.36
17162,1715.46
13763,1714.96
17147,1714.59
14441,1712.89
12405,1710.39
15947,1708.24
12407,1708.12
16902,1706.88
15240,1706.57
16398,1705.8
17282,1703.41
12843,1702.26
16007,1701.94
13184,1701.29
17193,1699.3
13824,1698.94
16775,1695.66
12764,1693.88
14245,1693.45
15549,1693.26
16813,1692.98
16671,1692.27
15380,1690.26
17152,1689.5
12635,1689.18
13162,1688.29
13577,1687.6
16638,1680.72
13647,1678.12
13149,1676.06
17656,1674.69
16115,1667.97
12912,1662.3
12530,1662.28
13012,1661.84
15214,1661.44
15024,1661.33
15332,1661.06
12967,1660.9
14045,1659.75
15953,1659.38
15826,1654.31
14573,1653.42
17284,1652.58
16711,1651.03
14837,1649.5
13750,1647.26
12657,1643.18
15002,1641.76
13627,1638.47
12398,1635.66
15122,1633.78
14164,1631.77
17673,1629.12
12377,1628.12
16515,1627.13
14759,1625.97
16987,1625.05
13425,1624.21
15172,1624.05
14937,1621.88
17101,1621.73
14178,1620.93
16801,1619.73
18161,1618.69
14336,1614.91
16992,1614.31
15791,1612.69
14312,1611.59
13614,1610.46
14918,1610.15
12868,1607.06
16817,1604.75
12947,1603.99
16466,1603.46
14719,1602.13
14587,1601.14
15660,1600.86
16496,1599.52
13850,1595.48
17837,1593.38
16332,1593.2
16676,1592.12
14970,1592.06
15611,1591.45
18178,1590.81
14442,1589.82
12393,1582.6
15532,1580.93
12607,1579.51
13814,1579.12
16889,1578.67
13186,1575.89
13634,1575.16
13659,1573.2
17671,1572.71
16283,1570.81
12865,1568.23
15906,1567.69
15111,1567.48
17085,1566.65
17204,1564.56
18239,1561.61
14038,1560.38
16394,1555.34
13313,1555.32
16369,1553.66
15620,1553.18
15117,1551.78
13320,1548.7
14229,1547.2
14704,1546.91
16790,1545.62
13397,1544.13
15701,1542.14
12818,1542.08
16365,1540.42
17159,1538.88
13849,1537.95
12877,1535.77
15392,1535.53
15625,1534.26
13107,1531.62
12759,1531.44
14321,1530.75
14567,1530.36
15916,1528.09
16244,1522.75
16434,1522.25
16066,1521.87
13764,1521.76
13213,1520.58
16880,1519.08
14267,1516.24
13791,1516.0
16748,1515.9
16053,1511.95
16910,1510.06
16279,1509.58
16016,1508.76
15265,1506.12
12937,1504.27
15530,1502.35
16762,1501.38
13810,1499.01
17571,1498.51
14414,1496.98
16755,1496.83
17002,1493.73
15057,1489.5
13110,1488.67
13692,1488.32
14963,1487.8
17553,1487.6
16395,1486.9
14878,1485.54
14758,1484.06
18016,1483.56
15427,1483.14
17590,1479.22
14403,1475.81
15983,1475.02
12826,1474.72
14404,1474.32
14246,1474.06
15128,1471.0
16348,1469.45
14875,1465.32
12882,1463.04
14233,1462.72
14541,1461.65
17063,1461.14
16059,1459.86
16996,1456.96
13309,1456.79
13477,1454.58
15987,1451.28
14740,1448.21
15426,1447.39
14591,1447.14
17073,1446.09
13717,1445.01
13461,1445.0
17175,1443.69
15478,1441.42
15858,1438.85
14071,1438.82
13159,1437.85
14566,1432.0
16503,1431.93
13475,1431.78
16103,1429.64
16271,1429.24
14035,1428.02
15681,1426.16
15106,1422.52
16463,1422.4
16571,1421.69
14019,1421.61
14901,1421.29
14443,1420.2
17288,1419.73
16173,1418.32
15444,1418.26
18116,1418.03
17856,1418.03
14649,1417.29
14748,1415.75
16012,1415.29
16245,1413.66
17004,1412.94
15237,1412.32
15596,1406.59
17083,1405.78
15563,1400.44
14741,1400.34
18202,1396.99
13995,1393.69
17354,1393.06
15810,1391.98
15051,1391.61
13414,1390.5
13516,1389.41
15898,1388.88
16539,1388.81
15453,1388.37
15134,1387.99
12952,1387.79
17676,1387.68
12775,1386.04
13308,1385.51
18167,1384.86
17311,1384.85
13572,1384.25
14507,1383.18
14116,1382.74
16389,1382.07
16726,1382.02
17621,1379.9
12886,1378.4
15569,1375.71
16669,1374.87
14434,1372.8
15095,1370.6
13813,1366.86
14897,1366.38
13396,1360.99
14102,1360.28
15411,1358.88
13232,1357.6
17054,1356.33
14064,1353.74
14859,1353.74
15116,1352.75
16079,1352.0
16493,1351.63
12770,1351.45
12646,1346.97
14154,1345.62
15398,1345.53
12463,1344.78
17372,1342.68
16317,1341.65
13743,1341.6
18177,1341.42
16045,1340.7
13501,1340.32
15734,1339.45
12620,1339.41
15059,1337.72
16110,1337.48
12919,1335.19
15680,1333.68
17932,1331.57
12676,1331.39
16295,1328.55
15146,1327.16
17633,1324.84
12854,1324.5
17095,1324.16
16370,1320.56
14794,1319.91
13168,1319.19
16083,1317.62
12526,1316.66
14921,1316.07
12576,1315.83
14511,1314.81
16464,1314.68
14738,1314.45
14973,1314.45
16040,1313.55
12364,1313.1
12516,1312.06
14856,1311.38
14477,1309.6
16120,1309.14
14047,1308.61
13328,1308.48
14297,1305.33
12507,1304.81
16744,1304.76
17919,1304.04
15813,1303.91
14898,1303.52
15108,1300.25
15494,1299.23
12488,1298.66
12372,1298.04
15602,1297.87
17961,1296.44
16929,1295.39
16224,1295.3
15621,1293.03
16101,1290.7
15171,1289.5
15136,1286.7
16949,1286.27
17350,1286.07
17802,1285.04
16899,1281.56
13878,1281.53
13538,1280.85
16951,1277.75
16692,1276.0
17019,1272.61
12394,1272.48
12630,1270.88
14669,1269.99
13492,1269.84
13431,1269.1
14916,1268.98
15199,1268.7
16660,1267.65
17037,1267.32
17158,1266.97
14105,1266.23
13989,1266.08
16842,1264.19
15497,1262.2
15009,1261.78
16688,1260.86
17388,1259.56
17412,1258.06
13151,1257.87
14931,1257.68
16639,1257.51
17481,1255.59
13848,1255.0
17262,1253.36
14698,1250.76
14383,1247.69
12689,1247.61
13029,1247.5
15004,1246.32
12494,1246.1
13860,1245.9
14428,1244.83
16531,1244.59
17584,1242.3
17588,1240.2
17731,1240.11
12985,1239.38
13476,1238.47
14893,1237.85
13931,1237.53
15201,1236.54
14684,1236.28
15376,1233.36
15910,1232.18
18080,1231.5
18171,1231.31
14913,1227.43
12997,1226.89
12412,1226.88
17774,1225.41
15841,1224.06
13208,1223.9
16794,1222.71
14745,1220.26
15227,1219.4
13491,1215.82
17410,1214.72
13055,1214.41
18263,1213.16
13918,1212.84
16653,1212.66
12464,1212.05
17653,1207.56
15737,1205.12
16800,1201.49
13158,1201.06
17320,1200.62
17800,1199.01
15605,1198.23
13118,1197.81
13211,1197.42
16042,1197.27
17867,1197.1
14487,1196.33
17720,1195.94
17526,1195.9
15145,1194.73
12611,1193.32
13882,1191.13
12462,1189.59
16612,1187.66
15630,1186.35
13752,1186.28
17058,1179.89
16950,1178.56
12885,1175.22
12640,1174.58
15306,1174.35
14857,1173.12
13611,1171.8
18168,1169.94
12358,1168.06
13500,1166.77
14737,1164.55
14261,1163.45
14447,1163.23
16714,1161.53
12546,1161.5
15088,1160.07
17348,1159.52
13499,1159.11
16184,1158.79
14723,1158.3
13744,1156.36
16637,1154.47
16062,1153.62
12710,1149.02
17505,1145.84
16766,1145.6
12769,1143.6
17770,1143.27
18125,1142.99
15985,1142.42
16270,1141.24
13330,1140.93
13819,1140.35
16172,1140.21
17135,1139.73
17500,1138.0
17302,1135.63
17242,1135.04
15489,1134.28
16989,1133.25
17585,1133.07
13282,1132.14
13772,1132.13
13310,1132.03
13610,1131.88
15500,1131.56
13447,1129.14
14824,1127.71
12609,1126.85
14708,1126.37
17470,1125.07
14129,1123.86
15436,1122.53
13486,1122.41
17562,1122.38
16807,1121.59
16086,1121.39
15730,1120.88
17894,1119.81
14276,1119.74
13064,1119.49
12842,1118.99
15716,1118.81
17788,1117.9
13591,1117.13
14971,1116.57
16350,1116.47
12679,1113.02
17609,1112.22
16049,1111.79
14161,1110.52
14817,1110.34
15069,1109.53
12399,1108.65
15933,1107.46
16833,1106.53
12857,1106.4
14410,1105.07
14948,1101.97
17047,1100.9
14744,1099.98
15978,1098.78
13104,1098.48
17966,1098.43
16225,1096.32
16533,1095.56
13652,1095.08
15745,1094.59
15608,1093.68
13521,1093.65
18189,1090.24
13853,1090.14
12534,1089.18
15763,1086.92
13467,1083.71
17041,1081.57
14561,1080.76
16200,1080.62
13726,1079.66
15197,1079.61
12354,1079.4
13715,1079.34
14352,1078.96
16980,1078.96
16094,1078.23
16563,1077.74
13131,1073.3
15712,1072.36
15238,1071.99
13635,1071.03
17522,1070.71
13761,1070.65
14212,1070.48
17214,1069.12
16918,1068.82
15027,1066.15
17277,1065.35
14488,1064.28
17287,1064.11
12951,1064.07
15801,1063.95
12936,1063.9
12815,1063.46
14411,1063.0
16214,1062.75
15996,1060.68
15706,1060.56
17727,1060.25
18130,1059.39
14465,1058.62
13455,1058.34
14419,1058.06
15407,1056.44
14514,1055.35
15977,1054.73
16728,1054.67
12716,1053.49
14583,1052.55
16416,1051.4
12849,1050.89
14224,1050.12
15329,1049.7
14078,1049.37
15464,1048.85
15839,1048.49
15777,1047.11
16520,1046.57
14293,1046.56
17042,1044.38
15192,1044.32
14389,1043.46
15073,1043.41
12497,1043.1
14584,1042.26
13719,1041.68
18221,1041.61
15434,1041.48
14446,1039.58
16320,1038.46
16175,1037.59
12691,1035.8
16260,1035.45
13639,1033.34
17724,1033.0
12599,1032.58
12724,1031.41
17405,1031.41
13235,1031.07
12717,1030.98
13253,1030.4
17033,1030.14
15333,1028.56
16682,1028.0
15104,1027.44
13956,1026.42
16160,1025.44
14904,1025.44
15658,1024.1
17096,1022.13
14346,1021.58
13165,1021.48
12572,1020.42
13376,1019.76
18142,1019.52
12828,1018.71
14083,1018.43
12514,1017.68
13728,1016.14
13867,1015.29
12642,1013.26
12739,1013.04
17197,1013.01
14195,1012.0
14775,1011.9
16229,1010.6
13032,1010.18
16572,1009.6
16174,1009.55
17951,1008.54
17646,1008.39
14631,1006.98
13429,1006.8
17126,1004.75
14214,1004.38
13410,1003.06
12446,1002.31
12545,1000.39
15508,1000.27
18143,1000.16
12722,997.63
14540,996.26
15110,996.1
17594,993.18
16009,992.71
13363,992.5
14223,991.13
16232,990.88
17324,990.23
15062,987.86
18237,987.1
16376,987.01
13117,984.91
17144,984.57
12510,982.57
15133,982.42
14138,982.38
15071,982.07
16188,981.86
16907,981.65
16085,981.51
12541,981.18
18170,980.31
13509,979.72
15506,979.26
13350,979.12
15132,977.93
14920,977.77
15860,977.21
13026,975.36
14522,974.54
15449,974.52
12994,974.42
15747,974.04
18194,973.84
16419,972.23
13155,971.76
17100,971.74
17618,971.58
14256,969.06
15907,967.45
15793,965.61
12550,964.83
13138,962.39
14006,962.19
15156,961.49
14629,959.01
18192,957.97
13823,957.66
12697,957.59
15948,955.24
17244,954.9
17097,954.42
15835,954.09
16934,950.93
15421,950.36
16511,950.26
13636,949.12
12822,948.88
17044,948.48
13748,948.25
15787,948.05
12458,947.4
15707,945.58
17289,944.41
13261,944.1
12820,942.34
14075,942.26
15576,940.67
15289,939.78
17527,939.37
17227,939.32
16584,936.08
14140,935.05
16027,934.62
14081,934.52
12924,933.7
16657,933.62
13655,932.97
14532,932.85
18133,931.5
17552,930.41
14475,925.85
14231,925.71
17048,925.35
15312,924.85
13805,924.6
15654,922.53
13122,922.39
16551,922.12
13934,922.1
13035,921.88
17323,921.07
13984,920.51
17018,920.1
12652,919.98
13075,919.61
13549,918.2
15253,918.2
14015,917.34
14712,917.07
17236,916.13
14141,915.13
16216,914.93
16809,914.69
15587,913.68
12940,913.54
15364,913.19
14359,912.18
13782,912.0
13192,911.94
14289,911.26
18096,911.15
13689,910.0
15511,909.23
13038,908.46
14449,907.1
15480,905.5
15022,905.04
15807,903.9
17566,901.21
17848,901.2
16716,901.2
14625,899.63
17886,899.61
13662,897.76
17537,897.62
16361,896.66
15079,895.61
15865,895.13
15211,894.41
15066,893.59
12772,892.47
13515,891.12
15255,890.85
14240,890.34
17027,890.29
17007,889.93
14344,889.93
14623,889.25
17829,889.24
16347,887.65
16900,887.11
15822,885.47
17704,885.19
17109,885.04
15799,884.14
14597,883.15
18236,882.24
13037,881.07
15076,880.85
15653,877.44
14770,876.42
15100,876.0
13566,874.71
16513,874.59
13294,873.74
12847,871.54
15208,870.12
13200,870.09
13979,869.87
12694,869.67
13203,869.46
17649,868.49
14912,867.85
14715,867.38
16235,867.31
16121,867.11
14332,866.31
16567,865.6
13846,865.06
16221,864.86
12680,862.81
16266,861.89
12794,860.41
13339,860.12
14577,859.71
17064,859.35
14553,859.27
16163,856.6
13991,855.97
12693,855.91
16037,855.02
12878,854.99
17560,854.95
16877,853.72
14193,853.39
12379,852.24
16070,852.15
16020,851.01
12713,848.55
14657,848.22
13221,847.41
16924,846.75
16222,846.72
15965,845.64
14803,845.55
17624,843.48
15164,843.05
17929,843.0
13929,842.65
16108,842.5
16560,841.41
14862,841.2
17076,841.08
13940,839.14
17115,837.5
16554,837.1
15832,836.79
12728,836.33
16747,836.06
17169,835.78
17759,834.99
13835,834.57
17075,834.12
16644,833.78
15862,832.88
14644,830.76
13681,827.83
12461,826.88
12781,826.74
16494,826.53
17921,826.52
15525,825.92
12427,825.8
16869,825.42
16284,823.97
16164,822.48
12778,822.23
13893,821.1
13220,819.29
17764,818.82
16092,817.86
16943,816.73
15649,816.0
15399,815.77
14499,815.32
13280,814.86
16460,814.72
13811,814.5
18064,814.0
16600,813.52
16621,813.48
14421,813.11
15644,813.0
17980,811.45
16276,810.6
16624,810.57
13637,810.5
16891,809.7
17114,808.62
15533,807.57
12421,807.04
15952,806.57
13707,806.41
12434,806.14
16367,804.49
18248,804.02
12422,803.56
15831,801.76
18265,801.51
16806,801.49
15561,800.59
17905,800.24
13720,799.9
13030,799.48
17703,798.74
16438,798.35
13389,797.96
12701,797.71
17180,796.03
13336,795.12
15990,792.11
13167,791.33
14976,790.86
13016,789.89
16759,789.79
13329,789.0
14557,788.38
13212,788.08
13323,787.85
13884,787.6
16546,787.15
13109,786.54
12628,786.46
15806,784.58
15743,784.46
18136,784.33
17387,784.11
16054,783.9
17006,781.78
17341,781.36
15679,781.28
13583,781.03
16725,781.02
15239,780.59
17797,780.43
18228,779.9
12735,779.57
17411,778.94
13375,778.65
14815,778.5
17414,778.0
16505,777.6
13563,777.53
12425,777.2
15353,777.02
15618,776.85
13314,775.94
13341,775.85
14234,775.46
16825,775.18
15414,774.9
16043,773.99
15075,773.03
12965,771.91
17409,771.85
14662,771.17
16770,770.1
14412,770.03
16480,769.29
13356,768.24
17516,768.08
14550,765.62
14672,765.55
17695,765.34
14885,765.32
17268,763.64
17466,763.28
16470,762.39
15599,761.74
14883,761.59
16205,761.38
17425,759.17
16036,758.92
15568,758.29
12413,758.1
17979,757.71
17461,757.46
15223,755.75
13370,754.87
18104,754.64
13730,752.6
16256,752.43
12908,750.0
17146,749.78
14923,749.1
15074,748.87
15656,748.5
16859,747.81
13623,747.78
14201,747.44
16261,746.83
14050,746.36
17034,745.52
14790,745.06
13950,745.06
13236,744.85
13354,743.53
16730,743.11
12374,742.93
12465,742.19
13753,741.26
13900,740.95
17692,740.94
17974,740.79
15252,740.78
12603,739.2
14756,738.96
12976,738.6
15045,735.66
18156,734.94
15215,734.94
16362,734.77
16146,734.13
17812,732.16
13575,732.07
13736,731.9
16099,731.9
16491,731.5
14778,730.86
18035,730.4
12468,729.54
13077,729.27
17666,728.16
17888,726.05
14869,725.7
14055,725.64
16140,725.18
15584,725.11
12723,725.07
15636,724.76
12475,723.38
17521,723.21
15272,721.94
18062,720.52
16023,719.81
14179,719.78
14725,718.08
17884,717.45
15274,716.57
12535,716.35
15400,716.2
17029,716.0
15330,714.96
15757,714.42
12616,713.3
13169,712.88
13147,712.8
17761,712.78
13416,712.5
13587,712.4
17642,712.29
15855,712.24
13705,711.86
17179,711.79
13249,711.41
17472,710.29
14867,710.28
14127,709.71
16136,709.38
15951,708.22
16449,707.69
12453,707.09
16364,707.04
16309,706.57
14880,706.19
14126,706.13
15038,705.49
16015,705.39
16882,705.12
17934,704.25
12612,704.04
12883,703.47
18082,703.37
15103,703.36
15574,702.25
16997,702.0
14198,701.4
14356,701.23
17321,700.86
13238,700.73
17734,700.63
15800,699.08
13258,698.58
17423,698.41
17796,697.9
15053,697.79
14829,697.55
13596,697.04
15700,696.68
17397,696.41
14009,695.61
14959,695.42
15304,694.4
12925,694.05
14643,693.81
12410,693.33
13601,693.32
14111,692.85
17198,692.22
17733,692.19
13838,691.73
16212,690.34
18085,689.95
13023,689.9
15181,689.48
18196,689.13
17502,689.1
13799,688.86
16642,688.33
12658,686.05
16122,684.42
16495,684.41
15669,684.34
12942,683.9
17874,683.46
14222,683.17
12838,683.13
15582,682.91
13548,682.41
18135,681.91
12478,680.99
13524,680.18
16872,680.02
15322,679.68
13430,679.45
14788,679.44
17994,678.49
13925,678.25
13607,678.01
13388,677.1
13040,676.99
16377,676.2
15626,675.8
17462,675.69
13325,675.3
16418,675.27
13355,674.7
13464,674.68
17749,674.52
13951,674.45
14504,673.26
18121,673.1
14628,671.96
17883,671.77
12638,671.69
17299,669.11
12418,668.58
14342,668.56
13741,668.43
16383,668.36
15031,668.14
18022,668.11
16268,667.65
15969,666.1
17777,665.86
17105,665.78
16056,664.85
13963,664.54
16208,664.26
15643,664.0
14720,663.81
13240,663.65
16573,663.61
14451,662.59
16014,662.38
18218,662.08
16774,661.52
13028,661.32
14603,660.0
15492,659.46
13518,659.44
13759,659.41
16357,658.88
14150,658.64
17779,658.57
16696,657.9
12577,657.8
14818,657.8
15648,657.35
17459,657.3
15677,657.23
16157,656.69
13049,656.68
16708,656.63
16127,656.25
14894,655.75
16444,654.67
14651,654.6
17398,653.38
18151,653.35
13496,653.33
15205,653.24
14044,652.82
14548,652.8
17523,652.74
14034,651.82
16734,650.51
16469,650.43
15571,650.43
16969,650.41
17373,646.92
12589,646.68
15651,646.3
17545,645.96
14855,645.65
12719,644.95
17312,644.3
16431,642.81
14020,642.8
13034,642.77
15384,642.41
17046,642.02
15297,641.94
12365,641.38
12624,641.13
13417,640.83
13318,640.76
12631,640.5
14301,640.14
15919,639.89
17515,639.02
18160,638.06
14754,638.05
14664,637.89
14128,637.5
14481,636.51
15829,636.14
15773,635.68
14000,635.66
16139,635.41
17985,634.95
13892,632.97
14220,632.4
16306,632.27
18183,632.07
13822,632.0
14021,631.9
15244,631.57
13539,631.34
17990,630.84
13046,629.31
13525,628.78
14687,628.38
16022,628.28
15028,627.13
13546,626.99
15402,626.77
14036,626.65
13914,626.45
14382,626.07
16750,623.93
16718,623.75
12649,623.51
15147,623.5
13368,623.4
15258,623.16
17499,622.88
15182,622.85
17460,622.43
15768,621.83
18217,621.75
16915,621.68
17640,621.66
14152,621.29
13402,621.23
16141,620.4
12667,620.13
14529,620.04
13493,618.63
16613,618.59
13145,618.52
12596,618.27
16134,618.09
13301,618.09
14593,617.99
14377,617.05
16442,616.79
16311,616.26
14905,616.15
16005,615.39
15275,615.14
16566,614.66
16116,612.78
12513,612.29
18149,612.08
15232,612.06
15645,612.01
16109,611.88
16763,611.85
13731,610.59
12673,610.52
15795,610.01
13357,609.95
14636,609.85
13933,608.79
12933,607.53
15573,607.45
17119,606.91
14710,606.13
17849,605.8
14133,605.64
13888,605.63
17507,605.58
13233,605.12
14323,605.06
13558,605.06
14675,604.75
17664,604.64
12944,604.51
16732,603.75
12556,603.71
12707,603.42
17259,603.37
15366,602.51
17890,602.09
12654,601.98
14609,601.56
16654,601.27
12420,600.39
18211,600.07
13243,600.07
12872,599.97
12521,599.68
14965,599.0
17420,598.83
14467,598.76
15720,598.73
13311,598.57
13959,598.2
16298,598.2
14108,597.91
17864,597.5
16788,597.48
14645,597.09
15381,596.85
18246,596.1
17658,595.42
14284,595.25
16325,594.24
15442,594.0
12917,594.0
16535,593.75
18232,592.97
16203,592.9
14692,591.55
13276,590.93
13270,590.0
13452,590.0
14882,589.7
18123,589.44
16723,589.15
16838,588.85
14338,588.22
15624,588.13
17351,587.15
17014,586.33
17360,585.79
12384,585.27
15222,585.0
16384,584.5
16072,584.32
14023,584.07
13557,584.06
15762,583.75
12426,582.73
13427,582.6
17970,582.59
12695,582.1
18095,580.05
16906,579.77
17142,579.0
13292,578.94
17540,578.9
12601,577.06
14176,576.9
16916,576.26
15830,576.0
15550,575.63
16345,575.41
13487,575.4
14167,574.84
14400,574.7
12784,574.42
15339,574.07
15303,574.02
12879,573.22
15415,572.81
13379,572.56
13405,572.45
12816,572.2
13816,571.67
17616,571.2
15821,570.96
15315,570.5
14592,570.46
16667,570.13
13939,568.55
13321,567.36
17897,566.6
18150,566.58
16278,566.38
13894,564.62
15344,563.94
16933,563.23
14753,563.15
17265,562.9
12414,562.41
12559,561.71
13946,561.57
15655,560.67
13044,560.47
14273,559.97
16275,559.87
18043,559.51
14177,559.41
12866,559.12
17503,558.96
12987,558.7
13800,558.32
13260,557.62
17955,557.3
17295,556.95
16385,555.89
14805,554.65
14891,554.38
14618,553.44
15068,553.36
12363,552.0
17674,551.04
17291,550.8
17235,550.06
12390,549.84
16340,549.07
16536,548.97
16031,548.94
14474,547.66
16811,547.07
17637,547.06
16211,547.02
17520,546.81
12743,546.43
14997,546.2
17806,546.04
12793,545.48
16475,544.3
13617,544.18
13390,544.08
16927,543.05
13278,542.73
16230,542.03
17447,541.53
17557,541.46
13874,540.45
13812,539.0
14496,538.81
15452,538.73
15469,538.55
15539,538.46
17062,538.37
17345,537.74
14539,537.48
16206,537.06
15043,537.0
16804,536.99
16233,536.68
15535,536.4
16142,535.34
12988,535.32
13000,534.85
13385,534.57
17443,534.24
13434,534.24
13217,533.98
15433,533.3
15756,532.96
15825,532.94
16706,531.35
14265,530.18
18159,530.15
14002,529.73
14463,529.62
16185,529.41
17631,528.33
16602,528.08
12479,527.2
17623,527.05
18252,526.67
16892,525.54
17290,525.24
17429,524.92
15467,524.88
15891,524.52
13721,524.14
17329,523.11
18017,523.0
17712,522.91
14871,522.38
12863,521.2
15149,520.8
14873,519.68
12571,519.61
13643,519.44
16955,518.67
16650,518.42
15030,518.28
16135,517.55
17454,517.53
18205,517.36
13043,516.42
15882,516.36
15809,515.77
12811,514.85
15246,514.15
13005,513.7
17513,513.2
17805,512.31
17480,511.82
12582,511.36
14851,511.35
16561,511.12
15406,510.71
12904,509.58
12436,509.01
16898,508.81
17391,508.8
15417,508.8
14317,508.58
17958,508.46
17415,507.84
14158,507.66
14820,507.29
15721,507.08
16960,507.05
13885,506.8
16614,506.19
14014,505.18
15081,504.8
12991,503.76
17630,503.6
16863,502.8
15006,502.09
13865,501.56
15881,501.39
13116,501.14
13247,501.12
16616,500.42
15389,500.0
14958,499.68
14077,499.42
15193,499.32
14681,498.95
16488,498.8
15142,498.74
17053,498.48
17298,498.42
16820,497.61
17495,497.56
16368,497.43
15300,496.44
15018,496.21
17374,495.77
15448,494.64
16352,494.44
17333,494.25
12763,494.08
15877,493.28
13176,492.84
14270,492.65
15507,492.36
13732,491.86
14236,490.86
15000,490.52
14416,490.22
18074,489.6
12809,489.31
17361,488.2
14396,487.99
15165,487.75
16643,487.51
13338,487.02
13675,486.82
17453,486.72
15287,486.69
13153,486.22
12639,486.1
15109,484.95
16999,484.82
16504,484.38
16518,484.32
14130,483.86
13531,483.8
12808,483.65
14147,483.4
17555,483.26
14450,483.25
16603,482.47
17950,482.2
12504,482.05
16693,482.01
18216,481.75
15091,480.71
16812,479.35
16008,478.78
15589,478.53
16768,478.09
12644,477.91
13092,477.83
14320,477.79
12447,476.49
18176,476.35
14853,475.8
14497,475.37
15780,475.28
15349,473.81
15557,473.65
16374,473.03
14013,473.02
16038,471.78
17964,471.7
16885,471.51
13066,470.8
15963,470.76
14431,470.36
15471,469.48
15026,469.0
14896,468.77
13171,468.41
14335,468.26
14029,467.66
15468,467.51
13579,467.04
14205,466.7
13248,465.68
15036,465.55
17140,465.32
16742,464.9
13928,464.57
16586,463.95
14967,463.8
12787,463.66
17418,463.46
14489,463.38
12945,462.95
14331,462.66
14470,461.19
12391,460.89
16824,460.64
16805,460.59
12491,460.4
12355,459.4
16589,459.24
17880,458.92
15754,458.57
13506,458.52
17392,457.91
15092,457.81
15121,457.72
12375,457.5
13398,457.34
12564,456.9
12999,455.88
14513,455.59
15585,455.3
16529,455.25
13485,454.24
15475,454.11
17564,454.01
18158,453.4
12729,453.01
18071,453.0
14184,452.89
12591,452.85
12970,452.24
16574,451.44
15802,451.42
14173,450.84
17040,449.73
13489,449.52
12448,449.45
15739,449.12
17579,448.9
14780,447.68
15646,447.64
15456,447.22
15368,446.94
15889,446.87
14149,446.62
17370,446.18
17190,444.74
18006,444.68
14638,443.6
16404,443.05
18222,443.0
14093,442.85
12579,440.42
18233,440.0
14022,440.0
15524,440.0
13954,439.92
16025,439.66
13359,439.56
16968,439.43
13358,439.03
14272,437.96
12552,437.82
16034,437.7
12592,437.6
15553,437.23
16084,436.18
15551,436.06
16948,435.02
14910,434.35
14460,434.34
12493,433.74
17035,433.53
14157,432.88
16236,432.2
16881,432.0
15976,430.94
18106,430.7
12452,430.57
13245,430.5
12795,430.48
12827,430.15
14998,429.87
16884,429.84
15450,429.84
15230,429.6
13602,428.89
15957,428.89
16324,428.68
17869,428.18
15360,427.93
12725,427.8
12403,427.7
12740,427.6
12802,427.58
15994,427.07
17223,426.79
15930,426.63
14288,426.6
15639,425.32
16780,425.19
17134,425.0
17371,423.89
13140,423.72
16119,423.36
15012,423.04
18034,422.88
17525,422.7
13473,422.64
16689,422.6
18240,422.58
17232,421.52
14757,420.5
15206,420.3
14124,419.58
15361,418.92
15967,418.83
12593,418.1
17701,417.95
16629,417.73
13615,417.69
16737,417.6
12833,417.38
18001,417.23
13166,417.2
16816,417.06
13889,416.9
15935,416.86
16957,416.64
13085,416.08
14139,415.82
15803,415.82
12930,415.8
12580,415.7
15725,415.25
14333,415.2
16795,414.88
12993,414.76
16239,414.2
17483,414.04
17052,413.75
13974,413.59
16834,413.46
14620,412.78
13827,412.05
15523,412.01
16272,411.7
17913,411.6
14670,411.53
15186,411.41
15099,410.48
15695,409.98
14048,409.93
14348,409.57
12990,409.5
15225,409.4
16243,409.1
16018,408.9
15269,408.8
16399,408.57
17931,408.36
16010,407.5
15184,406.76
15127,406.53
16947,406.48
15342,406.09
14616,406.08
16204,405.71
18036,405.62
12922,405.38
17379,404.66
15938,404.58
16319,404.4
16484,404.3
12498,403.7
17431,403.3
15221,403.25
12386,401.9
15158,401.4
16500,400.86
16198,400.68
12792,400.54
17375,400.1
18164,399.65
13255,399.51
18154,399.19
15522,398.84
17830,398.7
12508,398.27
13352,397.98
15429,397.35
17926,397.29
12824,397.12
13594,396.97
13673,396.92
17486,396.87
15883,396.48
18067,396.33
16354,395.8
17603,394.72
14619,394.44
16207,394.38
15386,394.14
15264,393.74
15345,393.54
17226,393.49
14600,393.33
15837,391.98
16917,391.52
12982,390.54
17614,390.07
17936,389.84
18024,389.78
14752,389.64
13873,389.6
13345,389.5
16250,389.44
15847,389.27
12690,389.01
17595,388.79
15592,388.58
13899,388.52
13856,388.5
17438,388.45
16776,388.28
14538,388.25
17357,388.14
17817,387.68
14420,387.52
17508,387.31
14114,386.53
15664,386.43
14779,386.15
13821,385.64
17711,385.1
13919,384.81
13833,384.8
17250,384.52
17189,384.4
17205,384.08
16982,384.06
15048,384.05
12733,383.95
12515,383.7
15440,383.68
14304,383.45
15424,383.34
12832,383.03
13817,382.98
18181,382.8
17239,382.5
13657,382.14
17999,382.06
15090,381.32
16441,381.2
12871,380.64
17573,380.6
16930,380.55
17138,380.5
12890,380.47
16769,380.39
17031,380.35
14731,380.02
14594,379.83
16552,379.73
13656,379.65
13589,379.65
17878,379.45
15885,379.35
16909,379.14
13372,378.64
17078,378.2
17736,377.44
15025,377.01
17489,376.64
13936,376.58
16858,375.69
14448,375.35
14079,375.1
16147,375.0
14067,374.7
17492,374.57
12873,374.0
13351,373.94
13569,373.75
16321,373.65
16903,373.24
12895,372.8
12544,372.7
12981,372.22
16065,372.09
13300,371.89
17765,371.88
14690,371.7
18155,371.62
15472,371.56
14950,371.2
15975,371.01
15063,370.8
16343,370.48
15922,369.5
16758,369.34
14888,369.2
16372,367.93
17911,366.23
17358,365.85
17432,365.76
16499,365.45
16202,365.27
14886,364.8
15949,364.72
12373,364.6
15343,364.5
14528,364.22
12538,363.95
17330,363.9
15901,363.88
14171,363.79
16509,363.7
12915,363.65
18056,363.65
16485,363.65
14932,363.53
14427,363.34
16378,362.95
16052,362.06
13844,361.62
16305,361.22
13291,361.11
15872,360.93
16595,360.16
13780,360.01
13298,360.0
15120,358.82
17948,358.56
16823,358.38
13228,358.0
13976,357.98
16274,357.95
17025,357.77
16971,357.21
18040,357.2
13453,356.98
14500,356.85
15713,356.7
15247,356.0
15840,355.56
14537,355.56
12617,355.53
17742,355.11
13642,354.8
17222,354.15
12888,354.12
12845,354.09
15870,354.09
17252,353.86
12715,353.86
13173,353.65
13210,353.48
13343,353.43
14804,353.27
17976,353.19
15678,352.7
18112,352.69
15334,351.67
12566,351.65
15789,351.3
13923,351.13
15900,351.11
13332,350.9
13740,350.75
17835,350.64
17795,350.39
13108,350.06
12532,349.83
13670,349.7
13887,349.55
18250,349.27
15405,349.1
13927,348.99
13790,348.8
18127,348.73
12527,348.71
15579,348.6
16159,348.2
13052,348.15
14379,348.1
13497,348.05
17668,347.75
13062,346.98
13649,346.6
16423,346.12
13091,345.82
15781,345.46
17123,345.3
13774,345.0
14633,344.9
16978,344.33
17569,344.14
13068,344.0
15047,343.62
15520,343.5
18081,343.45
15880,343.28
12875,343.23
17201,342.63
16851,342.45
16826,341.7
13347,341.36
17917,341.28
14491,340.93
12519,340.84
15115,340.11
13737,339.6
17045,339.44
16545,339.3
17697,338.95
17839,338.8
16183,338.71
15652,337.74
15942,337.44
13930,337.34
17973,337.04
16105,336.96
17914,336.43
17384,336.4
15619,336.4
14954,336.17
18078,336.13
15921,336.03
18276,335.86
14196,335.52
16063,335.32
17221,335.13
12489,334.93
14988,334.54
15466,334.53
12350,334.4
15918,334.23
14264,333.97
13216,333.74
13727,333.48
16625,333.08
14902,332.66
13904,332.64
16850,332.41
16803,332.3
16177,331.95
16030,331.24
15210,331.18
12891,331.0
16478,331.0
17862,330.9
15714,330.88
13706,330.79
14517,330.45
15130,330.11
16593,330.03
12953,329.85
14716,329.68
17866,329.65
17615,329.6
13239,329.56
17154,329.34
15153,329.25
14012,328.8
16855,328.4
15213,328.35
14747,328.2
14206,328.16
16318,328.15
15314,327.97
14024,327.7
16366,327.3
14870,327.25
16322,326.75
14987,326.4
17715,326.4
16071,326.24
15363,326.0
12844,325.96
16830,325.91
14850,325.75
15944,325.1
12790,324.92
13801,324.8
15597,324.57
18261,324.24
16685,324.24
14555,324.14
15675,323.69
17793,323.04
16739,323.0
13955,322.96
16627,322.8
16342,322.41
15224,322.08
14424,322.08
14484,321.92
14823,321.43
15236,321.05
18117,320.72
16096,320.62
14622,320.58
13986,320.46
16674,319.61
15107,319.5
16967,319.02
17157,319.0
17229,318.76
17248,318.65
14703,318.17
12648,318.05
18066,318.0
17172,317.76
17267,317.62
15101,317.53
16386,317.2
15257,317.15
15385,316.88
15243,316.68
16761,316.62
15204,316.58
17458,316.5
13494,316.26
14479,316.25
16473,316.11
12614,315.6
16091,315.06
15766,315.06
17237,314.69
16193,314.45
12650,314.44
16227,314.22
15970,314.1
13484,313.8
16582,313.62
14729,313.49
13845,312.98
15318,312.62
12834,312.38
17362,312.23
17070,312.14
12785,311.95
16450,311.92
14142,311.81
15326,311.71
14951,311.69
14327,311.65
12852,311.55
13990,311.3
17854,311.26
16781,311.25
13897,311.16
17912,311.01
17266,310.64
15185,310.62
15308,310.47
14311,310.26
14924,310.05
15661,309.8
15699,309.65
16810,309.54
14339,309.52
14847,309.4
17604,309.36
12884,309.05
13787,309.04
15010,308.94
16956,308.74
13699,308.58
17510,308.48
13369,308.28
13466,307.9
15973,307.82
16123,307.78
13529,307.76
13395,307.72
13060,307.53
14915,307.48
17120,307.46
13932,307.4
13142,307.09
17334,307.02
15087,306.94
17551,306.84
16668,306.72
13762,306.72
13718,306.55
18059,306.46
15659,306.45
17176,306.13
13863,305.78
15219,305.75
16796,305.62
16181,305.54
18220,305.28
13045,305.28
12623,305.1
13667,305.02
17941,304.56
15163,304.47
16217,304.25
18185,304.25
17732,303.97
16400,303.93
13083,303.75
17433,303.16
15060,303.09
16425,302.7
14248,302.58
18165,302.46
16104,302.36
16292,302.25
17506,302.2
15054,302.1
17094,302.0
16297,301.9
16715,301.72
15667,301.32
15148,301.29
15623,301.03
13479,300.95
17978,300.92
16430,300.85
16479,300.83
14762,300.52
13304,300.42
15254,300.36
13745,300.04
18053,300.02
16402,299.6
18215,299.34
17124,298.89
15609,298.48
17255,298.41
17824,298.4
17678,298.11
12881,298.0
15857,297.0
13708,296.88
14985,296.75
17531,296.7
13441,296.64
15154,296.42
13751,296.25
13504,295.93
16998,295.0
13573,294.4
15732,294.12
17163,293.1
12829,293.0
15545,292.72
16721,292.47
13259,292.32
13502,292.0
13449,291.88
13544,291.41
14656,291.05
14947,290.82
16648,290.66
15279,290.51
17691,290.4
16526,290.36
17081,290.16
14784,289.99
17464,289.96
14953,289.82
16897,289.78
14162,289.36
16125,289.35
14549,289.24
17501,288.6
16808,288.42
15396,288.18
17977,288.14
17080,287.62
17760,287.59
16432,287.4
13760,286.79
16555,285.89
14660,285.74
17636,285.56
16429,284.55
18190,284.46
13121,283.73
13439,283.71
12703,283.55
17783,283.47
17251,283.28
18270,283.15
17694,283.12
14350,282.93
13754,282.6
13177,282.45
17247,282.19
16557,281.85
17403,281.62
16848,281.42
14242,280.55
13606,280.54
16149,280.52
14975,279.94
15556,279.77
14480,279.05
17786,278.74
14764,278.3
14908,277.8
17968,277.35
13803,277.07
15355,277.05
16883,276.73
13272,276.56
14508,276.42
12750,275.88
14512,275.28
16313,274.15
16727,272.82
17254,272.44
17498,272.22
14819,272.07
13917,272.04
14816,271.85
13058,271.4
13837,271.24
17767,271.2
17496,271.05
18108,271.0
17011,270.9
15774,270.8
13533,270.79
14520,270.6
13242,270.4
12558,269.96
14727,268.58
15408,267.18
17550,267.16
15320,267.13
17708,267.08
15517,267.03
16451,266.97
14863,266.76
15119,266.4
12962,266.39
15019,266.0
14068,265.85
17430,265.76
14423,265.2
13973,264.7
15912,264.62
14452,264.44
15894,263.55
12492,263.21
16936,262.68
17194,262.62
16413,262.2
17385,261.11
13189,260.68
14053,260.25
15014,260.17
15143,259.45
17125,259.35
13127,259.17
16447,259.01
15577,258.88
13277,258.4
13227,257.7
14375,257.68
18009,257.34
13626,257.23
16048,256.44
12430,256.4
13806,256.38
17896,256.32
14761,255.9
15277,255.9
14881,255.4
16226,255.12
15261,254.82
12604,254.18
14765,254.11
15689,254.1
12797,254.03
15759,253.04
17860,252.8
15035,252.73
13404,252.49
15346,252.42
13645,252.1
13711,252.06
16330,251.91
16836,251.87
17155,251.7
16976,251.52
16024,251.24
14501,251.21
13512,251.21
13207,250.26
16596,250.15
17303,250.04
15510,250.0
17456,249.86
18005,249.72
16124,249.0
13061,248.61
17111,248.61
18212,248.42
16510,248.1
15097,248.08
13592,247.96
18072,247.44
13349,247.32
14658,247.15
17051,247.14
15783,246.3
17278,246.04
16778,245.94
17771,245.81
12660,245.1
15118,244.8
16601,244.8
16528,244.41
17892,244.1
17925,244.08
13103,243.94
16793,243.84
18193,243.76
13886,243.56
15634,243.55
17339,243.36
17908,243.28
14647,243.22
16215,242.35
15776,241.62
14523,241.09
16427,241.06
15598,240.68
15286,240.55
13565,240.22
17256,240.0
17181,239.92
15690,239.76
13570,239.49
17684,239.41
16756,239.4
12561,238.85
15850,238.85
12718,238.25
17877,237.61
14586,237.36
15457,237.07
18110,236.3
12732,236.26
16026,236.09
13187,236.02
15462,234.6
14473,234.34
17060,234.24
16961,234.17
12736,234.0
15483,233.81
13348,233.76
16583,233.45
14995,233.23
16302,233.22
13678,232.6
18213,232.48
16117,232.21
15393,231.86
16641,231.1
18030,230.65
15866,230.53
16445,230.51
13786,230.4
16926,230.25
13960,230.22
12812,229.64
13474,229.59
13008,229.47
15528,229.33
14793,228.99
17347,228.96
13146,228.91
13712,228.84
13070,228.8
17969,228.2
16527,228.06
14569,227.39
17212,226.85
17572,226.75
16315,226.37
16777,226.35
16619,226.21
12672,225.9
17789,225.9
14624,225.85
14357,225.77
12402,225.6
16690,225.58
14052,225.36
16587,225.15
17171,224.91
15175,224.14
16471,223.95
16753,223.92
14929,223.88
13926,223.85
18101,223.65
15637,223.36
17534,223.36
13382,222.99
15897,222.05
14598,221.97
14960,221.27
16392,221.19
13419,221.06
15790,220.85
16482,220.62
18114,220.1
13079,220.1
13600,219.52
15096,219.39
16895,219.14
12702,219.0
13669,218.55
17619,218.52
13428,218.47
12574,218.45
15724,218.25
14570,218.06
16634,217.9
13271,217.38
15554,217.2
16080,217.16
13739,216.9
13503,216.85
15460,216.76
12897,216.5
15604,216.39
17436,216.3
14104,216.21
13858,216.17
16179,215.83
15052,215.78
17580,215.72
14476,215.7
16189,215.48
16519,215.08
16190,215.08
12831,215.05
12588,214.9
16338,214.8
16411,214.65
16846,214.32
16647,214.06
14601,213.96
13621,213.85
17153,213.78
14241,213.7
13411,213.55
16591,213.5
15540,213.3
14984,213.27
17928,212.54
16017,211.88
16356,211.77
15703,211.5
12995,211.32
16415,210.35
13532,210.31
13828,209.49
17855,208.97
15327,208.75
17514,208.65
16914,208.46
16457,208.36
18191,207.8
12547,207.8
16866,207.74
16752,207.5
17923,207.5
16323,207.5
13099,207.36
15925,207.15
15820,206.98
18126,206.83
17166,206.34
14964,206.21
13065,205.86
17670,205.7
17843,205.48
15307,205.3
15758,205.25
13513,205.1
15319,204.5
17206,204.24
18273,204.0
13017,204.0
17187,203.95
17889,203.87
17394,203.87
17891,203.86
17376,203.2
15723,203.1
14381,202.68
18169,202.65
14385,202.11
15347,201.6
13295,201.2
13284,201.19
16965,201.19
13859,201.16
17988,201.12
17693,200.47
13262,200.29
15437,200.16
13980,200.14
14782,200.1
13723,199.85
15593,199.8
13322,199.48
17383,199.29
16832,199.15
17987,198.57
16178,197.9
12450,197.88
12581,197.71
14185,197.65
14789,197.64
17301,197.63
16829,197.22
14830,197.13
15234,197.0
12586,196.94
13436,196.89
15746,196.88
13978,196.79
17660,196.0
16112,195.74
13792,195.55
17010,195.36
14666,195.25
15612,195.15
14100,194.9
16887,194.88
14087,194.42
17475,194.37
15683,193.75
17343,193.64
15198,193.64
16847,193.44
17608,193.42
14806,193.39
14801,193.14
13568,192.85
12522,192.72
12791,192.6
14768,192.6
15909,191.94
17904,191.67
14966,191.32
15692,191.04
17233,190.88
13033,190.55
15412,190.53
13972,190.25
17885,190.19
12361,189.9
13826,189.5
13663,189.47
18045,189.4
16448,188.89
14697,188.61
12893,188.14
17781,188.02
14722,187.92
17279,187.83
18013,187.29
17440,186.42
13672,186.39
14551,186.23
15567,186.01
12641,185.9
17574,185.65
14199,185.4
16097,185.05
13482,184.64
17680,184.4
16433,184.26
15124,184.19
14326,183.85
16680,183.7
14059,183.6
13460,183.44
13059,183.4
17772,182.77
14082,182.25
18119,181.12
16594,181.09
15886,181.09
15945,181.0
15292,180.94
16835,180.85
18280,180.6
13710,180.48
15041,180.35
13598,180.17
12622,180.1
18147,179.34
15895,179.17
15454,179.1
16990,179.0
14705,179.0
15139,178.96
16620,178.96
15262,178.95
13778,178.7
17879,178.52
17253,178.26
17356,178.22
18282,178.05
16403,177.5
13618,177.34
12618,177.31
13072,177.15
12923,176.97
17947,176.68
14287,176.63
12509,176.5
18274,175.92
17582,175.27
16144,175.2
17331,175.2
18010,174.8
14355,174.4
14518,174.37
13560,174.37
15335,173.97
18278,173.9
16861,173.76
14798,173.74
16565,173.7
12441,173.55
15565,173.16
15670,173.05
14693,172.9
18048,172.29
13922,172.25
13690,172.25
12442,172.06
14536,171.8
16773,171.59
17245,171.45
15432,171.19
17542,170.75
14860,170.32
18058,170.16
15016,170.04
16921,169.79
13962,169.55
14218,169.48
18004,169.47
12367,168.9
14578,168.63
18269,168.6
17367,168.4
18099,168.31
15888,168.31
16282,168.3
17737,168.24
15986,168.12
12551,168.0
15374,168.0
18088,167.67
17561,167.62
16952,167.61
15920,167.5
16405,167.25
18014,166.42
14295,166.2
17650,166.08
12817,166.04
14485,165.75
14552,165.07
18042,165.05
15316,165.0
13470,165.0
15904,164.68
17535,164.4
13603,164.34
12920,164.23
18200,163.8
14354,163.62
17110,163.3
13223,163.2
16406,163.07
15167,163.0
16517,162.7
15733,162.3
15325,162.29
16932,161.94
17600,161.67
15458,161.64
16113,161.38
14362,161.2
14204,161.03
14237,161.0
14089,161.0
13229,160.95
15852,160.71
17344,160.57
12573,160.54
18203,160.42
18146,160.35
14714,160.19
12966,160.18
13420,159.85
16213,159.0
18224,158.95
13937,158.85
17165,158.68
15160,158.16
15348,158.04
15988,158.03
17556,157.9
14799,157.7
14148,157.2
17128,157.09
14585,157.05
17118,157.02
15007,156.91
14406,156.75
15438,156.58
15263,156.51
13898,155.93
17871,155.9
17899,155.8
14813,155.43
17832,155.37
12738,155.35
16720,155.24
15447,155.17
13809,155.05
14368,155.0
14046,154.99
17698,154.95
15740,154.88
17026,154.83
15226,154.41
17517,153.94
17286,153.92
16351,153.9
12602,153.12
17714,153.0
16248,152.94
17984,152.68
18138,152.65
14066,152.55
17707,152.4
13514,152.2
14039,152.2
17898,152.06
16617,151.85
16412,151.83
14208,151.74
13462,151.5
16461,151.42
13697,151.3
16337,151.05
14073,151.04
15717,150.3
17234,149.89
15869,149.64
17946,149.58
18262,149.48
15748,149.31
15435,149.29
13003,149.05
17549,148.86
15526,148.44
17859,148.21
14968,147.59
14098,147.35
14037,147.2
12864,147.12
15503,147.09
17030,146.87
14238,146.85
16893,145.93
12565,145.92
17935,145.79
13866,145.67
15937,145.35
16598,145.05
17524,145.0
16852,144.91
12974,144.8
14109,144.2
17186,144.0
12587,144.0
17578,143.46
15705,143.1
13299,142.5
16287,142.5
13584,142.4
14386,142.4
13561,141.86
14041,141.41
15388,140.54
13483,140.34
14494,139.56
16483,139.35
17718,139.35
14772,139.26
18209,139.1
15135,139.05
13273,138.98
12902,138.68
14581,138.6
17122,138.32
13716,138.28
15663,138.14
12512,138.03
16050,137.9
13279,137.75
17709,137.45
15836,137.37
14483,137.1
17468,137.0
15691,136.8
14247,136.77
17972,136.04
16462,136.0
12968,135.95
15042,135.93
14889,135.9
15419,135.86
15174,135.75
16114,135.75
16665,135.4
15276,135.31
12851,135.18
13364,134.96
16055,134.8
14340,134.7
15562,134.55
14174,134.46
12837,134.1
14280,134.04
16424,133.56
14349,133.5
12445,133.4
17881,133.35
15709,133.25
17647,133.06
17785,131.94
14438,131.9
17297,131.78
17455,131.7
14795,131.45
15844,130.74
16679,129.75
16611,129.49
16623,129.45
16828,128.5
15543,127.86
17359,127.86
13781,127.84
15578,127.1
15923,127.08
14962,126.7
16414,126.25
15463,126.14
16988,126.12
12814,125.92
13522,125.8
14861,125.79
14890,125.65
15017,125.58
12531,125.22
17148,124.88
16849,124.57
16569,124.2
14495,123.8
16658,123.24
15917,123.1
17967,123.07
13519,122.75
14413,122.7
13876,122.7
13638,122.64
14165,122.54
14076,122.47
16073,122.4
18018,122.14
13244,121.74
13182,121.18
15049,121.17
15512,121.0
13002,120.95
17446,120.9
18015,120.03
14259,120.0
14314,120.0
14453,119.93
16542,119.62
15266,119.3
16666,118.98
15843,118.95
17079,118.8
14155,118.75
13581,118.0
13193,117.88
12929,117.85
17654,117.55
16959,117.35
13877,117.24
17117,116.2
17601,116.01
13170,116.01
14143,115.8
15350,115.65
13067,115.46
18027,115.31
14972,114.77
13188,114.6
14632,114.56
16247,114.56
14974,114.39
17852,114.34
17219,114.23
14652,114.18
12938,114.14
14582,114.11
12651,114.0
14457,113.64
15445,113.5
17217,113.5
18105,113.48
16913,113.44
15280,113.12
14689,112.8
13161,112.75
16697,112.75
13807,112.6
18129,112.55
15610,112.46
17038,112.4
14271,112.32
17893,112.25
17900,112.2
12756,112.08
17274,111.98
17957,111.68
17887,111.35
18120,111.15
13508,110.97
13144,110.95
15537,110.92
15853,110.8
17349,110.75
16963,110.55
14641,110.46
12734,110.4
16792,110.38
18277,110.38
17901,110.38
17746,110.25
17836,110.21
16339,109.95
13133,109.8
16363,109.36
14699,109.13
14345,108.98
17639,108.5
16106,108.38
13226,108.21
12956,108.07
14661,107.95
16784,107.6
15395,107.45
16757,106.83
15168,106.56
15070,106.2
17791,106.1
16581,105.84
15775,104.9
14027,104.82
15607,104.76
15958,104.35
18174,104.0
17548,103.3
18255,103.3
14542,103.25
17962,102.83
18011,102.79
14836,102.45
14981,102.12
13948,102.0
15212,101.8
18068,101.7
16516,101.7
17643,101.55
16006,101.4
18086,101.34
13101,101.19
16344,101.1
16498,100.97
14946,100.9
17427,100.8
14371,100.5
13703,99.5
17939,99.14
15256,98.45
17538,98.42
17895,98.0
18033,97.97
15422,97.7
12984,97.5
17325,96.8
15216,96.6
14642,96.12
17024,95.85
18249,95.34
12548,95.2
16387,94.36
13651,94.2
15397,94.0
15428,93.78
18227,93.75
13283,93.66
17991,93.35
12821,92.72
14054,92.46
12789,91.85
13551,91.8
13160,91.8
12659,91.68
15488,91.32
14353,90.6
13947,90.6
18084,90.48
16506,90.3
15552,90.12
16597,90.04
14117,90.0
14219,89.94
14760,89.2
12686,89.14
14436,89.06
12353,89.0
15083,88.2
15180,87.5
13296,87.4
15541,85.13
13841,85.0
15729,85.0
13666,84.65
12401,84.3
17309,82.75
13006,81.57
17620,81.44
18281,80.82
16789,80.8
13967,80.7
17752,80.64
13747,79.6
16078,79.2
15753,79.2
17942,77.5
14785,77.4
13132,77.3
13992,76.8
14373,76.55
17536,76.5
13106,76.5
18113,76.32
14090,76.32
16148,76.32
15668,76.32
17995,76.1
17628,75.75
16610,75.66
13403,75.0
16468,74.9
18050,74.4
13095,74.4
17960,73.78
18032,73.5
12506,73.5
16171,73.2
17906,72.9
13686,72.0
13938,71.66
13185,71.4
17747,71.4
17022,71.0
18037,70.02
15863,68.84
14393,67.95
13684,67.23
17382,65.4
13130,64.0
13302,63.75
17263,63.44
14437,63.0
12665,63.0
14840,62.85
13218,62.64
15516,62.43
13194,60.7
17174,59.9
13391,59.8
13682,59.5
14957,58.49
13080,58.08
17775,56.4
15899,56.25
13366,56.16
16349,53.5
15504,52.83
14865,52.2
13832,52.2
14682,52.0
15313,52.0
17844,51.56
14351,51.0
13011,50.55
18184,49.8
14821,48.8
15603,48.48
16257,46.95
14080,45.6
15423,43.5
14300,43.2
15992,41.99
15178,40.5
14589,39.75
12977,39.24
16659,39.12
18019,38.45
12855,38.1
16162,37.4
17816,36.56
15940,35.8
14576,35.4
16856,35.4
17831,35.4
15744,34.8
16765,34.0
17408,32.65
13120,30.6
15657,30.0
17102,25.5
18268,25.5
17986,20.8
16953,20.8
16093,17.0
15823,15.0
17763,15.0
13307,15.0
16878,13.3
17956,12.75
16454,6.9
14792,6.2
16738,3.75
